jrone_no,marka,model,ccm,snaga,motor,god,model_turbine,oe_1,oe_2,cena,query_jrone_no,query_oe1,query_oe2,ccm_numbers,snaga_numbers
8B03-400-003,AUDI,A4 1.8T Quattro,1.8L P,150HP,AEB/ANB/APU/AWT/AVJ 20v,1999-,K03,058145703J,5303-970-0029,258.13,8B03400003,058145703J,53039700029,1.8,150
8B03-400-003,AUDI,A6 1.8i  Turbo Quattro,1.8L P,150HP,AEB/ANB/APU/AWT 20v,1998-,K03,058145703N,5303-970-0005,258.13,8B03400003,058145703N,53039700005,1.8,150
8B03-400-003,AUDI,A6 1.8i Turbo,1.8L P,150HP,AEB/ANB/APU/AWT 20v,1998-,K03,058145703Q,5303-970-0029,258.13,8B03400003,058145703Q,53039700029,1.8,150
8B03-400-003,AUDI,A4 1.8T,1.8L P,163HP,BFB,2002-,K03,06A145704,5303-988-0029,258.13,8B03400003,06A145704,53039880029,1.8,163
8B03-400-003,AUDI,A4 1.8T,1.8L P,150HP,AEB/ANB/APU/AWT 20v,2006-,K03,058145703C,5303-988-0005,258.13,8B03400003,058145703C,53039880005,1.8,150
8B03-400-003,AUDI,A6 1.8T,1.8L P,150HP,AEB/ANB/APU/AWT 20v,2009-,K03,058145703E,5303-970-0005,258.13,8B03400003,058145703E,53039700005,1.8,150
8B03-400-003,VW,Passat 1.8T,1.8L P,150HP,AEB/ANB/APU/AWT,1999-,K03,06A145704,5303-988-0029,258.13,8B03400003,06A145704,53039880029,1.8,150
8B35-200-026,CITROEN,C1 HDi,1.4LD,50HP,DV4TD,2002-2010,KP35,2S6Q6K682AA,5435-970-0001,241.65,8B35200026,2S6Q6K682AA,54359700001,1.4,50
8B35-200-026,CITROEN,C2 HDi,1.4LD,50HP,DV4TD,2002-2010,KP35,2S6Q6K682AA,5435-970-0001,241.65,8B35200026,2S6Q6K682AA,54359700001,1.4,50
8B35-200-026,CITROEN,C3 HDi,1.4L D,70HP,DV4TD,2002-2010,KP35,0375G9,5435-970-0009,241.65,8B35200026,0375G9,54359700009,1.4,70
8B35-200-026,FORD,Fiesta TDCi,1.4L D,50HP,DV4 TD,2002-,KP35,2S6Q6K682AD,5435-970-0009,241.65,8B35200026,2S6Q6K682AD,54359700009,1.4,50
8B35-200-026,FORD,Fusion TDCi,1.4LD,50HP,DV4TD,2002-,KP35,2S6Q6K682AA,5435-970-0007,241.65,8B35200026,2S6Q6K682AA,54359700007,1.4,50
8B35-200-026,MAZDA,Mazda 2 1.4 MZ,1.4L D,50HP,DV4 TD 8HX,2003-2009,KP35,9648759980,5435-970-0009,241.65,8B35200026,9648759980,54359700009,1.4,50
8B35-200-026,PEUGEOT,206 SW HDi,1.4L D,68HP,DV4TD 8HX/8HZ,2002-2006,KP35,9648759980,5435-988-0009,241.65,8B35200026,9648759980,54359880009,1.4,68
8B35-200-026,PEUGEOT,206 HDi,1.4L D,68HP,DV4TD 8HX/8HZ,2002-,KP35,9648759980,5435-970-0009,241.65,8B35200026,9648759980,54359700009,1.4,68
8B35-200-026,PEUGEOT,207  Hdi,1.4LD,68HP,DV4TD,2002-,KP35,9643574980,5435-970-0007,241.65,8B35200026,9643574980,54359700007,1.4,68
8B35-200-026,PEUGEOT,307 TDCi,1.4LD,68HP,DV4TD,2002-,KP35,0375G9,5435-988-0007,241.65,8B35200026,0375G9,54359880007,1.4,68
8B35-200-026,PEUGEOT,206 1.4 Hdi,1.4LD,68HP,DV4TD,2002-,KP35,9643574980,5435-970-0001,241.65,8B35200026,9643574980,54359700001,1.4,68
8B35-200-026,PEUGEOT,1007 1.4 HDI,1.4LD,68HP,DV4TD,2002-,KP35,0375G9,5435-988-0001,241.65,8B35200026,0375G9,54359880001,1.4,68
8B35-200-028,DACIA,Logan,1.5L D,65HP,K9K700,2005-,KP35,8200409830,5435-970-0002,209.21,8B35200028,8200409830,54359700002,1.5,65
8B35-200-028,NISSAN,Almera,1.5L D,65HP,K9K700,2002-2003,KP35,8200578317,5435-988-0000,209.21,8B35200028,8200578317,54359880000,1.5,65
8B35-200-028,NISSAN,Micra,1.5L D,65HP,K9K,2003-2006,KP35,14411-BN701,5435-970-0000,209.21,8B35200028,14411BN701,54359700000,1.5,65
8B35-200-028,RENAULT,Clio DCi,1.5L D,65HP,K9K700,2000-2004,KP35,8200022735,5435-970-0000,209.21,8B35200028,8200022735,54359700000,1.5,65
8B35-200-028,RENAULT,Megane II Dci,1.5L D,65HP,K9K700,2000-,KP35,7701473122,5435-970-0000,209.21,8B35200028,7701473122,54359700000,1.5,65
8B35-200-028,RENAULT,Kangoo DCi,1.5L D,65HP,K9K700,2000-,KP35,7701473122,5435-970-0002,209.21,8B35200028,7701473122,54359700002,1.5,65
8B35-200-028,RENAULT,Clio DCi,1.5L D,65HP,K9K700,2000-,KP35,7701473673,5435-970-0000,209.21,8B35200028,7701473673,54359700000,1.5,65
8B35-200-028,RENAULT,Clio DCi,1.5L D,65HP,K9K700,2004-,KP35,8200351439,5435-970-0000,209.21,8B35200028,8200351439,54359700000,1.5,65
8B35-200-028,RENAULT,Clio DCi,1.5L D,65HP,K9K700,2004-2005,KP35,8200409030,5435-970-0000,209.21,8B35200028,8200409030,54359700000,1.5,65
8B35-200-028,RENAULT,Kangoo DCI,1.5L D,65HP,K9K700,2000-2004,KP35,8200022735,5435-970-0000,209.21,8B35200028,8200022735,54359700000,1.5,65
8B35-200-028,RENAULT,Clio DCi,1.5L D,65HP,K9K700/K9K704/K9K710,2005-2008,KP35,8200578317,5435-988-0002,209.21,8B35200028,8200578317,54359880002,1.5,65
8B35-200-062,CITROEN,Nemo,1.3 Hdi,75 HP,1.3 HDI 75,2003-,KP35,1610428080,5435-970-0005,180.24,8B35200062,1610428080,54359700005,1.3,75
8B35-200-062,FIAT,Qubo JTD,1.3L D,51HP,Multijet,2003-,KP35,73501343,5435-970-0005,180.24,8B35200062,73501343,54359700005,1.3,51
8B35-200-062,FIAT,Panda JTD,1.3L D,51HP,Multijet,2003-,KP35,0375S1,5435-988-0005,180.24,8B35200062,0375S1,54359880005,1.3,51
8B35-200-062,FIAT,Punto II JTD,1.3L D,51HP,Multijet,2003-2006,KP35,5860030,5435-971-0005,180.24,8B35200062,5860030,54359710005,1.3,51
8B35-200-062,FIAT,Idea JTD,1.3L D,51HP,Multijet,2003-,KP35,0375S1,5435-970-0005,180.24,8B35200062,0375S1,54359700005,1.3,51
8B35-200-062,FIAT,Doblò JTD,1.3L D,51HP,Multijet,2003-,KP35,0375S1,5435-970-0005,180.24,8B35200062,0375S1,54359700005,1.3,51
8B35-200-062,FIAT,Fiorino III JTD,1.3L D,51HP,Multijet,2003-,KP35,0375S1,5435-970-0005,180.24,8B35200062,0375S1,54359700005,1.3,51
8B35-200-062,LANCIA,Musa JTD,1.3L D,51HP,Multijet,2003-,KP35,1610428080,5435-970-0005,180.24,8B35200062,1610428080,54359700005,1.3,51
8B35-200-062,LANCIA,Ypsilon,1.3L D,51HP,Multijet,2003-,KP35,1610428080,5435-970-0005,180.24,8B35200062,1610428080,54359700005,1.3,51
8B35-200-062,PEUGEOT,Bipper,1.3L Hdi,75HP,1.3 HDI 76,2007-,KP35,93191993,5435-970-0005,180.24,8B35200062,93191993,54359700005,1.3,75
8B35-200-617,OPEL,Corsa 1.3L D,1.3L D,70HP,CDTI,2002,KP35,73501344,5435-970-0006,237.99,8B35200617,73501344,54359700006,1.3,70
8B35-200-617,OPEL,Agila 1.3L D,1.3L D,70HP,CDTI,2002,KP35,860067,5435-988-0006,237.99,8B35200617,860067,54359880006,1.3,70
8B35-200-617,OPEL,Meriva A,1.3L D,70HP,CDTI,2002,KP35,73501344,5435-970-0006,237.99,8B35200617,73501344,54359700006,1.3,70
8B35-200-617,OPEL,Tigra 1.3L D,1.3L D,70HP,CDTI,2002,KP35,860067,5435-988-0006,237.99,8B35200617,860067,54359880006,1.3,70
8B35-200-617,SUZUKI,Swift,1.3L D,70HP,CDTI,2003,KP35,93177409,5435-970-0006,237.99,8B35200617,93177409,54359700006,1.3,70
8B35-200-A84,RENAULT,Clio 1.5 dCi,1.5L D,82HP,K9K-702,2001-2002,KP35,8200119854,5435-970-0002,216.72,8B35200A84,8200119854,54359700002,1.5,82
8B35-200-A84,RENAULT,Kangoo 1.5 dCi,1.5L D,82HP,K9K-702,2002-2004,KP35,8200189536,5435-988-0002,216.72,8B35200A84,8200189536,54359880002,1.5,82
8B35-200-A84,RENAULT,Clio 1.5 dCi,1.5L D,82HP,K9K-702,2004-,KP35,8200351471,5435-970-0002,216.72,8B35200A84,8200351471,54359700002,1.5,82
8B35-200-A84,RENAULT,Kangoo 1.5 dCi,1.5L D,82HP,K9K-702,2004-,KP35,8200409037,5435-988-0002,216.72,8B35200A84,8200409037,54359880002,1.5,82
8B35-200-A84,RENAULT,Clio 1.5 dCi,1.5L D,82HP,K9K-702,2005-,KP35,8200409838,5435-970-0002,216.72,8B35200A84,8200409838,54359700002,1.5,82
8B35-200-A84,RENAULT,Clio 1.5 dCi,1.5L D,82HP,K9K-702,2006-,KP35,8200578338,5435-988-0002,216.72,8B35200A84,8200578338,54359880002,1.5,82
8B35-200-A84,RENAULT,Clio 1.5 dCi,1.5L D,82HP,K9K-702,2005-,KP35,14411-BN701,5435-970-0002,216.72,8B35200A84,14411BN701,54359700002,1.5,82
8B35-200-A84,RENAULT,Clio 1.5 dCi,1.5L D,82HP,K9K-702,2006-,KP35,14411BN701,5435-988-0002,216.72,8B35200A84,14411BN701,54359880002,1.5,82
8B35-200-A85,RENAULT,Passenger Car,1.5L D,86HP,K9K Euro4,2008-,KP35,8200860233,5435-970-0029,239.34,8B35200A85,8200860233,54359700029,1.5,86
8B35-200-A85,RENAULT,Passenger Car,1.5L D,86HP,K9K Euro4,2008-,KP35,8200889694,5435-998-0029,239.34,8B35200A85,8200889694,54359980029,1.5,86
8B35-200-A85,RENAULT,Passenger Car,1.5L D,86HP,K9K Euro4,2003-,KP35,8200478276,5435-988-0012,239.34,8B35200A85,8200478276,54359880012,1.5,86
8B35-200-A85,RENAULT,Passenger Car,1.5L D,86HP,K9K Euro4,2003-,KP35,8200392656,5435-970-0012,239.34,8B35200A85,8200392656,54359700012,1.5,86
8B35-200-A85,RENAULT,Passenger Car,1.5L D,86HP,K9K-766/796 Euro4,2003-,KP35,7701476880,5435-988-0029,239.34,8B35200A85,7701476880,54359880029,1.5,86
8B35-200-B15,FIAT,Cinquecento,1.25L D,70HP,SJTD/MJTD,2005-,KP35,55202637,5435-970-0018,239.34,8B35200B15,55202637,54359700018,1.25,70
8B35-200-B15,FIAT,500,1.25L D,70HP,SJTD/MJTD,2005-,KP35,860028,5435-970-0018,239.34,8B35200B15,860028,54359700018,1.25,70
8B35-200-B15,FIAT,Grande Punto,1.25L D,70HP,SJTD/MJTD,2005-,KP35,93191833,5435-988-0018,239.34,8B35200B15,93191833,54359880018,1.25,70
8B35-200-B15,FIAT,Panda,1.25L D,70HP,SJTD/MJTD,2005-,KP35,71724552,5435-970-0018,239.34,8B35200B15,71724552,54359700018,1.25,70
8B35-200-B15,FIAT,Punto Evo,1.25L D,70HP,SJTD/MJTD,2005-,KP35,5860028,5435-988-0018,239.34,8B35200B15,5860028,54359880018,1.25,70
8B35-200-B15,FIAT,Fiorino,1.25L D,70HP,SJTD/MJTD,2005-,KP35,93187874,5435-970-0018,239.34,8B35200B15,93187874,54359700018,1.25,70
8B35-200-B15,FIAT,Qubo,1.25L D,70HP,SJTD/MJTD,2005-,KP35,55202638,5435-988-0018,239.34,8B35200B15,55202638,54359880018,1.25,70
8B35-200-E16,DACIA,Dokker,1.5L D,88HP,K9K Euro5,2010-,KP35,82728353,5435-971-0028,274.8,8B35200E16,82728353,54359710028,1.5,88
8B35-200-E16,DACIA,Dokker,1.5L D,88HP,K9K Euro5,2010-,KP35,8200439551,5435-971-0025,274.8,8B35200E16,8200439551,54359710025,1.5,88
8B35-200-E16,DACIA,Dokker,1.5L D,88HP,K9K Euro5,2010-,KP35,8200841167,5435-988-0025,274.8,8B35200E16,8200841167,54359880025,1.5,88
8B35-200-E16,RENAULT,Passenger Car,1.46L D,88HP,K9K Euro5,2010-,KP35,8200889694,5435-998-0028,274.8,8B35200E16,8200889694,54359980028,1.46,88
8B35-200-E16,RENAULT,Passenger Car,1.46L D,88HP,K9K Euro5,2010-,KP35,144116446R,5435-988-0028,274.8,8B35200E16,144116446R,54359880028,1.46,88
8B35-200-E16,RENAULT,Passenger Car,1.46L D,88HP,K9K Euro5,2010-,KP35,8200728090,5435-970-0025,274.8,8B35200E16,8200728090,54359700025,1.46,88
8B35-300-441,ALFA ROMEO,Mito,1.4 D,90HP,Multijet,2006-,KP35,55198317,5435-970-0014,362.79,8B35300441,55198317,54359700014,1.4,90
8B35-300-441,FIAT,Grande Punto,1.4 D,90HP,Multijet,2006-,KP35,71789039,5435-988-0014,362.79,8B35300441,71789039,54359880014,1.4,90
8B35-300-441,FIAT,Punto Evo,1.4 D,90HP,Multijet,2006-,KP35,93189317,5435-970-0014,362.79,8B35300441,93189317,54359700014,1.4,90
8B35-300-441,FIAT,Idea,1.4 D,90HP,Multijet,2006-,KP35,71724104,5435-988-0014,362.79,8B35300441,71724104,54359880014,1.4,90
8B35-300-441,FIAT,Linea,1.4 D,90HP,Multijet,2006-,KP35,55198317,5435-970-0014,362.79,8B35300441,55198317,54359700014,1.4,90
8B35-300-441,FIAT,Doblò,1.4 D,90HP,Multijet,2006-,KP35,71789039,5435-988-0014,362.79,8B35300441,71789039,54359880014,1.4,90
8B35-300-441,LANCIA,Musa,1.4 D,90HP,Multijet,2006-,KP35,93189317,5435-970-0014,362.79,8B35300441,93189317,54359700014,1.4,90
8B35-300-441,LANCIA,Ypsilon,1.4 D,90HP,Multijet,2006-,KP35,71724104,5435-988-0014,362.79,8B35300441,71724104,54359880014,1.4,90
8B35-300-441,OPEL,Corsa D,1.4 D,90HP,Multijet,2006-,KP35,55198317,5435-988-0014,362.79,8B35300441,55198317,54359880014,1.4,90
8B35-300-651,FIAT,Doblo,1.3,95HP,SJTD,2007-,BV35,860164,5435-970-0027,408.28,8B35300651,860164,54359700027,1.3,95
8B35-300-651,FIAT,Passenger Car,1.3,95HP,SJTD,2007-,BV35,55216672,5435-970-0027,408.28,8B35300651,55216672,54359700027,1.3,95
8B39-300-085,RENAULT,Megane,1.5 dCi,100HP,K9K-THP,2004-2005,KP39,7701475135,5439-988-0027,469.3,8B39300085,7701475135,54399880027,1.5,100
8B39-300-085,RENAULT,Scenic,1.5 dCi,100HP,K9K-THP,2004-2005,KP39,7701476183,5439-970-0027,469.3,8B39300085,7701476183,54399700027,1.5,100
8B39-300-085,RENAULT,Clio II,1.5 dCi,100HP,K9K-THP,2004-2005,KP39,7711368163,5439-988-0002,469.3,8B39300085,7711368163,54399880002,1.5,100
8B39-300-085,RENAULT,Megane,1.5 dCi,100HP,K9K-THP,2004-2005,KP39,8200204572,5439-970-0002,469.3,8B39300085,8200204572,54399700002,1.5,100
8B39-300-085,RENAULT,Scenic,1.5 dCi,100HP,K9K-THP,2004-2005,KP39,8200578315,5439-988-0027,469.3,8B39300085,8200578315,54399880027,1.5,100
8B39-300-373,NISSAN,Qashqai,1.5 DCI,110HP,K9K,2005-,BV39,14411-00Q0F,5439-988-0070,422.35,8B39300373,1441100Q0F,54399880070,1.5,110
8B39-300-373,RENAULT,Clio,1.5 DCI,110HP,K9K,2005-,BV39,14411-00Q0F,5439-970-0030,422.35,8B39300373,1441100Q0F,54399700030,1.5,110
8B39-300-373,RENAULT,Megane,1.5 DCI,110HP,K9K,2005-,BV39,7711368560,5439-988-0030,422.35,8B39300373,7711368560,54399880030,1.5,110
8B39-300-373,RENAULT,Modus,1.5 DCI,110HP,K9K,2005-,BV39,7701476883,5439-970-0070,422.35,8B39300373,7701476883,54399700070,1.5,110
8B39-300-373,RENAULT,Fluence,1.5 DCI,110HP,K9K,2005-,BV39,8200405203,5439-988-0070,422.35,8B39300373,8200405203,54399880070,1.5,110
8B39-300-373,RENAULT,Scenic,1.5 DCI,110HP,K9K,2005-,BV39,8200507856,5439-970-0030,422.35,8B39300373,8200507856,54399700030,1.5,110
8B39-300-373,RENAULT,Laguna,1.5 DCI,110HP,K9K,2005-,BV39,8200578381,5439-988-0030,422.35,8B39300373,8200578381,54399880030,1.5,110
8B39-300-373,RENAULT,Clio,1.5 DCI,110HP,K9K,2005-,BV39,8200625683,5439-970-0070,422.35,8B39300373,8200625683,54399700070,1.5,110
8B39-300-893,RENAULT,MEGANE III hatchback,1.5 DCI,106HP,K9K Euro5 5T,2009-,BV39,8200808701,5439-970-0127,508.4,8B39300893,8200808701,54399700127,1.5,106
8B39-300-893,RENAULT,FLUENCE,1.5 DCI,106HP,K9K Euro5 5T,2010-,BV39,8200889697,5439-988-0127,508.4,8B39300893,8200889697,54399880127,1.5,106
8B39-300-893,RENAULT,GRAND SCENIC III,1.5 DCI,106HP,K9K Euro5 5T,2009-,BV39,144114256R,5439-998-0127,508.4,8B39300893,144114256R,54399980127,1.5,106
8B39-300-893,RENAULT,MEGANE CC,1.5 DCI,106HP,K9K Euro5 5T,2009-,BV39,144116289R,5439-970-0087,508.4,8B39300893,144116289R,54399700087,1.5,106
8B39-300-893,RENAULT,MEGANE III Grandtour,1.5 DCI,106HP,K9K Euro5 5T,2009-,BV39,14411-4256R,5439-970-0076,508.4,8B39300893,144114256R,54399700076,1.5,106
8B39-300-893,RENAULT,MEGANE III Grandtour,1.5 DCI,106HP,K9K Euro5 5T,2009-,BV39,14411-6289R,5439-988-0087,508.4,8B39300893,144116289R,54399880087,1.5,106
8B39-300-893,RENAULT,SCENIC III,1.5 DCI,106HP,K9K Euro5 5T,2009-,BV39,144114256R,5439-988-0076,508.4,8B39300893,144114256R,54399880076,1.5,106
8B39-30M-037,AUDI,A3 TDI,1.9L D,105HP,BKC,2007-,BV39,038253010D,5439-970-0022,413.56,8B3930M037,038253010D,54399700022,1.9,105
8B39-30M-037,AUDI,A3 TDI,1.9L D,105HP,BKC,2003-2004,BV39,038253056G,5439-988-0011,413.56,8B3930M037,038253056G,54399880011,1.9,105
8B39-30M-037,AUDI,A3 TDI,1.9L D,105HP,BKC/BJB/BXE/BLS 8v Euro 4,2003-2009,BV39,038253014G,5439-988-0022,413.56,8B3930M037,038253014G,54399880022,1.9,105
8B39-30M-037,AUDI,A3  TDI,1.9L D,105HP,AVQ/BJB/BKC,2003-,BV39,038253016R,5439-970-0011,413.56,8B3930M037,038253016R,54399700011,1.9,105
8B39-30M-037,SEAT,Altea TDI,1.9L D,104HP,BJB,2004-2008,BV39,038253014G,5439-988-0022,413.56,8B3930M037,038253014G,54399880022,1.9,104
8B39-30M-037,SEAT,Leon TDI,1.9L D,105HP,BJB,2004-2009,BV39,038253014G,5439-970-0022,413.56,8B3930M037,038253014G,54399700022,1.9,105
8B39-30M-037,SEAT,Toledo TDI,1.9L D,104HP,BJB,2005-2010,BV39,038253014G,5439-988-0022,413.56,8B3930M037,038253014G,54399880022,1.9,104
8B39-30M-037,SEAT,Altea/Leon/Toledo TDI,1.9L D,105HP,BJB,2007-,BV39,038253010D,5439-970-0022,413.56,8B3930M037,038253010D,54399700022,1.9,105
8B39-30M-037,SKODA,Octavia,1.9L D,103HP,BJB/BKC,2004-,BV39,038253014G,5439-988-0022,413.56,8B3930M037,038253014G,54399880022,1.9,103
8B39-30M-037,SKODA,Octavia TDI,1.9L D,105HP,BKC,2003-,BV39,038253016R,5439-970-0011,413.56,8B3930M037,038253016R,54399700011,1.9,105
8B39-30M-037,SKODA,Fabia TDI,1.9L D,105HP,BLS/BLW 8v Euro 4,2007-,BV39,038253014G,5439-970-0022,413.56,8B3930M037,038253014G,54399700022,1.9,105
8B39-30M-037,SKODA,Octavia/Laura TDI,1.9L D,105HP,BJB,2007-,BV39,038253010D,5439-970-0022,413.56,8B3930M037,038253010D,54399700022,1.9,105
8B39-30M-037,VW,Touran TDI,1.9L D,100HP,AVQ,2002-2004,BV39,038253010P,5439-970-0011,413.56,8B3930M037,038253010P,54399700011,1.9,100
8B39-30M-037,VW,Touran TDI,1.9L D,100HP,AVQ,2002-2004,BV39,038253010P,5439-988-0011,413.56,8B3930M037,038253010P,54399880011,1.9,100
8B39-30M-037,VW,Golf  TDI,1.9L D,105HP,AVQ/BJB/BKC,2003-,BV39,038253016R,5439-970-0011,413.56,8B3930M037,038253016R,54399700011,1.9,105
8B39-30M-037,VW,Touran TDI,1.9L D,105HP,AVQ/BJB/BKC,2003-,BV39,038253016R,5439-988-0011,413.56,8B3930M037,038253016R,54399880011,1.9,105
8B39-30M-037,VW,Touran TDI,1.9L D,100HP,AVQ 8v,2003-2004,BV39,038253014G,5439-970-0022,413.56,8B3930M037,038253014G,54399700022,1.9,100
8B39-30M-037,VW,Touran TDI,1.9L D,105HP,BTB/BXE/BKC/BLS 8v,2003-,BV39,038253014G,5439-970-0022,413.56,8B3930M037,038253014G,54399700022,1.9,105
8B39-30M-037,VW,Touran TDI,1.9L D,105HP,BTB/BXE/BKC/BLS 8v,2003-,BV39,038253014G,5439-970-0022,413.56,8B3930M037,038253014G,54399700022,1.9,105
8B39-30M-037,VW,Jetta,1.9L D,105HP,BJB,2004-2008,BV39,038253014G,5439-970-0022,413.56,8B3930M037,038253014G,54399700022,1.9,105
8B39-30M-037,VW,Golf TDI,1.9L D,105HP,BKC,2004-2009,BV39,038253014G,5439-970-0022,413.56,8B3930M037,038253014G,54399700022,1.9,105
8B39-30M-037,VW,Caddy TDI,1.9L D,105HP,AVQ/BJB/BKC,2004-,BV39,038253016R,5439-970-0011,413.56,8B3930M037,038253016R,54399700011,1.9,105
8B39-30M-037,VW,Golf V TDI,1.9L D,105HP,BKC,2007-,BV39,038253010D,5439-970-0022,413.56,8B3930M037,038253010D,54399700022,1.9,105
8B43-300-641,KIA,Sorento,2.5L D,170HP,A-engine Euro4,2006-,BV43,28200-4A470,5303-970-0122,516.2,8B43300641,282004A470,53039700122,2.5,170
8B43-300-641,KIA,Sorento,2.5L D,170HP,A-engine Euro4,2007-,BV43,28200-4A470,5303-970-0144,516.2,8B43300641,282004A470,53039700144,2.5,170
8B43-300-641,KIA,Sorento,2.5L D,170HP,A-engine Euro4,2006-,BV43,282004A470FF,5303-988-0122,516.2,8B43300641,282004A470FF,53039880122,2.5,170
8B43-300-641,KIA,Sorento,2.5L D,170HP,A-engine Euro4,2007-,BV43,28200-4A470FF,5303-988-0144,516.2,8B43300641,282004A470FF,53039880144,2.5,170
8G14-200-919,ALFA ROMEO,Giulietta JTDM,1.6L D,104HP,"940A3000, Euro4",2010-,GT1446SZ,55230176,807068-5002S,277.31,8G14200919,55230176,8070685002S,1.6,104
8G14-200-919,FIAT,Bravo JTD,1.6L D,104HP,"198A3000, Euro4",2008-2014,GT1446SZ,55230176,807068-5001S,277.31,8G14200919,55230176,8070685001S,1.6,104
8G14-200-919,FIAT,Doblo JTD Multijet,1.6L D,104HP,"198A3000, Euro4",2010-,GT1446SZ,55230176,766891-5001S,277.31,8G14200919,55230176,7668915001S,1.6,104
8G14-200-919,FIAT,Linea JTD Multijet,1.6L D,104HP,"198A3000, Euro4",2007-,GT1446SZ,55246404,807068-0002,277.31,8G14200919,55246404,8070680002,1.6,104
8G14-200-919,FIAT,Pratico JTD Multijet,1.6L D,104HP,"198A3000, Euro4",2010-,GT1446SZ,55209152,807068-0001,277.31,8G14200919,55209152,8070680001,1.6,104
8G14-200-919,FIAT,Grande Punto JTD 1.6,1.6L D,104HP,"198A3000, Euro4",2010-,GT1446SZ,55220699,766891-0001,277.31,8G14200919,55220699,7668910001,1.6,104
8G14-40M-A58,CHEVROLET,Cruze Turbo ECOTEC,"1,4",140HP,"Ecotec B14NET,Euro5",2010-,GT1446MZGL,E55565353,853215-5003S,557.02,8G1440MA58,E55565353,8532155003S,1,140
8G14-40M-A58,CHEVROLET,Cruze Turbo ECOTEC,"1,4",140HP,"Ecotec B14NET,Euro10",2010-,GT1446MZGL,55565353,781504-5004S,557.02,8G1440MA58,55565353,7815045004S,1,140
8G14-40M-A58,CHEVROLET,Cruze Turbo ECOTEC,"1,4",140HP,"Ecotec B14NET,Euro15",2010-,GT1446MZGL,860156,781504-0011,557.02,8G1440MA58,860156,7815040011,1,140
8G14-40M-A58,OPEL,Adam 1.4 S,"1,4",140HP,"Ecotec B14NET,Euro6",2010-,GT1446MZGL,E55574901,781504-5011S,557.02,8G1440MA58,E55574901,7815045011S,1,140
8G14-40M-A58,OPEL,Astra J 1.4 Turbo ECOTEC,"1,4",140HP,"Ecotec B14NET,Euro7",2010-,GT1446MZGL,860156,781504-5007W,557.02,8G1440MA58,860156,7815045007W,1,140
8G14-40M-A58,OPEL,Meriva B 1.4 ECOTEC,"1,4",140HP,"Ecotec B14NET,Euro8",2010-,GT1446MZGL,55565353,781504-5007S,557.02,8G1440MA58,55565353,7815045007S,1,140
8G14-40M-A58,OPEL,Mokka 1.4 Turbo ecoFLEX,"1,4",140HP,"Ecotec B14NET,Euro9",2010-,GT1446MZGL,860156,781504-5006S,557.02,8G1440MA58,860156,7815045006S,1,140
8G14-40M-A58,OPEL,Adam 1.4 S,"1,4",140HP,"Ecotec B14NET,Euro11",2010-,GT1446MZGL,860156,781504-5001S,557.02,8G1440MA58,860156,7815045001S,1,140
8G14-40M-A58,OPEL,Astra J 1.4 Turbo ECOTEC,"1,4",140HP,"Ecotec B14NET,Euro12",2010-,GT1446MZGL,55565353,781504-0004,557.02,8G1440MA58,55565353,7815040004,1,140
8G14-40M-A58,OPEL,Meriva B 1.4 ECOTEC,"1,4",140HP,"Ecotec B14NET,Euro13",2010-,GT1446MZGL,860156,781504-0006,557.02,8G1440MA58,860156,7815040006,1,140
8G14-40M-A58,OPEL,Mokka 1.4 Turbo ecoFLEX,"1,4",140HP,"Ecotec B14NET,Euro14",2010-,GT1446MZGL,55565353,781504-0007,557.02,8G1440MA58,55565353,7815040007,1,140
8G14-40M-A58,OPEL,Adam 1.4 S,"1,4",140HP,"Ecotec B14NET,Euro16",2010-,GT1446MZGL,55565353,853215-0003,557.02,8G1440MA58,55565353,8532150003,1,140
8G15-200-043,RENAULT,Laguna dCi,1.9L D,110HP,F9Q718,2000-,GT1549S,7700108052,703245-0001,239.85,8G15200043,7700108052,7032450001,1.9,110
8G15-200-043,RENAULT,Laguna,1.9L D,102HP,F9Q,2001-,GT1549S,8200091350A,717345-0002,239.85,8G15200043,8200091350A,7173450002,1.9,102
8G15-200-043,RENAULT,Laguna  dCi,1.9L D,102HP,F9Q-732/733/740/751,2001-,K03,8200084399,5303-970-0048,239.85,8G15200043,8200084399,53039700048,1.9,102
8G15-200-043,RENAULT,Megan,1.9L D,102HP,F9Q DG4A,2001-,GT1549S,8200683854,717345-5001S,239.85,8G15200043,8200683854,7173455001S,1.9,102
8G15-200-043,RENAULT,Trafic,1.9L D,102HP,F9Q DG4A,2001-,GT1549S,8200348244,751768-5005S,239.85,8G15200043,8200348244,7517685005S,1.9,102
8G15-200-043,RENAULT,Primastar,1.9L D,102HP,F9Q DG4A,2001-,GT1549S,8200544911,703245-0002,239.85,8G15200043,8200544911,7032450002,1.9,102
8G15-200-043,RENAULT,Scenic,1.9L D,102HP,F9Q DG4A,2001-,GT1549S,8200458162,751768-0005,239.85,8G15200043,8200458162,7517680005,1.9,102
8G15-200-043,VAUXHALL,Vivaro,1.9L D,102HP,F9Q718,2000-,GT1549S,7700108052,751768-0004,239.85,8G15200043,7700108052,7517680004,1.9,102
8G15-300-310,CITROEN,C2 HDi,1.6L D,109HP,DV6TED4 9HZ 16v,2005-2006,GT1544V,9663199280,753420-0005,257.2,8G15300310,9663199280,7534200005,1.6,109
8G15-300-310,CITROEN,C3 HDi,1.6L D,109HP,DV6TED4 9HZ,2005-2006,GT1544V,9663199280,753420-0005,257.2,8G15300310,9663199280,7534200005,1.6,109
8G15-300-310,CITROEN,C3 Picasso HDi,1.6L D,110HP,DV6TED4 9HY Euro 3/4,2004-2006,GT1544V,9663199280,753420-0005,257.2,8G15300310,9663199280,7534200005,1.6,110
8G15-300-310,CITROEN,C4 Grand Picasso HDi,1.6L D,110HP,DV6TED4 9HY/9HZ Euro 3/4,2006-,GT1544V,9663199280,753420-0005,257.2,8G15300310,9663199280,7534200005,1.6,110
8G15-300-310,CITROEN,C4 HDi,1.6L D,109HP,DV6TED4  9HX/9HY/9HZ Euro 3/4,2004-2006,GT1544V,9663199280,753420-0005,257.2,8G15300310,9663199280,7534200005,1.6,109
8G15-300-310,CITROEN,C4 Picasso HDi,1.6L D,110HP,DV6TED4 9HY Euro 3/4,2004-2006,GT1544V,9660641380,753420-0006,257.2,8G15300310,9660641380,7534200006,1.6,110
8G15-300-310,CITROEN,C5 HDi,1.6L D,109HP,DV6TED4  9HY Euro 3/4,2004-2007,GT1544V,9657248680,753420-5006S,257.2,8G15300310,9657248680,7534205006S,1.6,109
8G15-300-310,CITROEN,Berlingo Hdi,1.6L D,110HP,DV6TED4 Euro 4,2004-2009,GT1544V,9656125880,753420-5005S,257.2,8G15300310,9656125880,7534205005S,1.6,110
8G15-300-310,CITROEN,Xsara HDi 110,1.6L D,110HP,DV6TED4 Euro 4,2004-2009,GT1544V,9656125880,753420-5005S,257.2,8G15300310,9656125880,7534205005S,1.6,110
8G15-300-310,FORD,C-MAX TDCi,1.6L D,114HP,DV6 TED4,2005-2007,GT1544V,3M5Q6K682AH,753420-0005,257.2,8G15300310,3M5Q6K682AH,7534200005,1.6,114
8G15-300-310,FORD,Focus C-MAX TDCi,1.6L D,114HP,DV6 TED4,2005-2007,GT1544V,8603746,753420-0005,257.2,8G15300310,8603746,7534200005,1.6,114
8G15-300-310,FORD,Focus TDCi,1.6L D,109HP,DV6 TED4,2005-,GT1544V,36002480,753420-0005,257.2,8G15300310,36002480,7534200005,1.6,109
8G15-300-310,MAZDA,3,1.6L D,107HP,DV6 TED4,2004-,GT1544V,9654128780,753420-0005,257.2,8G15300310,9654128780,7534200005,1.6,107
8G15-300-310,MINI,Cooper  D,1.6L D,107HP,DV6 TED4 Euro 4,2007-,GT1544V,9650764480,753420-0005,257.2,8G15300310,9650764480,7534200005,1.6,107
8G15-300-310,PEUGEOT,206 HDi,1.6L D,110HP,DV6TED4  9HX/9HY/9HZ,2004-2006,GT1544V,9651839880,753420-0005,257.2,8G15300310,9651839880,7534200005,1.6,110
8G15-300-310,PEUGEOT,207 HDi,1.6L D,110HP,DV6TED4 Euro 4 DPF,2006-,GT1544V,1340133,753420-0005,257.2,8G15300310,1340133,7534200005,1.6,110
8G15-300-310,PEUGEOT,3008 TDi 110,1.6L D,110HP,DV6TED4,2009-,GT1544V,36002480,750030-0002,257.2,8G15300310,36002480,7500300002,1.6,110
8G15-300-310,PEUGEOT,307 HDi,1.6L D,110HP,DV6TED4 9HY Euro 3/4,2004-2006,GT1544V,0375J3,740821-0001,257.2,8G15300310,0375J3,7408210001,1.6,110
8G15-300-310,PEUGEOT,307 SW HDi,1.6L D,110HP,DV6TED4 9HY Euro 3/4,2004-2006,GT1544V,0375N9,740821-0002,257.2,8G15300310,0375N9,7408210002,1.6,110
8G15-300-310,PEUGEOT,308  HDi 110,1.6L D,110HP,DV6ATED4 Euro 4,2007-,GT1544V,9663199280,753420-0005,257.2,8G15300310,9663199280,7534200005,1.6,110
8G15-300-310,PEUGEOT,308  SW HDi 110,1.6L D,110HP,DV6ATED4 Euro 4,2008-2010,GT1544V,0375J7,753420-0005,257.2,8G15300310,0375J7,7534200005,1.6,110
8G15-300-310,PEUGEOT,308 CC HDi 110,1.6L D,110HP,D Euro 4,2009-2010,GT1544V,0375J6,753420-0005,257.2,8G15300310,0375J6,7534200005,1.6,110
8G15-300-310,PEUGEOT,407 HDi,1.6L D,110HP,DV6TED4 9HY/9HZ Euro 3/4,2004-,GT1544V,0375J8,753420-0005,257.2,8G15300310,0375J8,7534200005,1.6,110
8G15-300-310,PEUGEOT,508 HDI 110,1.6L D,110HP,DV6TED4 9HY/9HZ Euro 3/5,2010-,GT1544V,11657804903,753420-0005,257.2,8G15300310,11657804903,7534200005,1.6,110
8G15-300-310,PEUGEOT,307 SW HDi,1.6L D,110HP,DV6TED4 9HY Euro 3/4,2004-2006,GT1544V,9663199280,750030-0001,257.2,8G15300310,9663199280,7500300001,1.6,110
8G15-300-310,VOLVO,V50 1.6 D,1.6L D,107HP,D4164T,2007-2009,GT1544V,9663199280,753420-0005,257.2,8G15300310,9663199280,7534200005,1.6,107
8G16-30M-350,AUDI,A3,2.0L D,138HP,TDI Euro4,2006-2008,GT1646MV,03G257016HV110,765261-0003,610.8,8G1630M350,03G257016HV110,7652610003,2.0,138
8G16-30M-350,AUDI,A3,2.0L D,138HP,TDI Euro4,2006-2008,GT1646MV,03G257016HV110,765261-0005,610.8,8G1630M350,03G257016HV110,7652610005,2.0,138
8G16-30M-350,AUDI,A3,2.0L D,138HP,TDI Euro4,2008-,GT1646MV,03G253010V100,765261-0008,610.8,8G1630M350,03G253010V100,7652610008,2.0,138
8G16-30M-350,AUDI,A3,2.0L D,138HP,TDI Euro4,2006-2008,GT1646MV,03G253010V100,765261-0002,610.8,8G1630M350,03G253010V100,7652610002,2.0,138
8G16-30M-350,AUDI,A3,2.0L D,138HP,TDI Euro4,2006-2008,GT1646MV,03G253010V101,765261-0004,610.8,8G1630M350,03G253010V101,7652610004,2.0,138
8G16-30M-350,VW,Golf V,2.0L D,138HP,TDI Euro4,2008-,GT1646MV,03G253016HV100,756867-0001,610.8,8G1630M350,03G253016HV100,7568670001,2.0,138
8G16-30M-350,VW,Passat,2.0L D,138HP,TDI Euro4,2008-,GT1646MV,03G257016HV110,756867-0002,610.8,8G1630M350,03G257016HV110,7568670002,2.0,138
8G16-30M-350,VW,Caddy,2.0L D,138HP,TDI Euro4,2008-,GT1646MV,03G253014N,756867-0003,610.8,8G1630M350,03G253014N,7568670003,2.0,138
8G16-30M-350,VW,Jetta,2.0L D,138HP,TDI Euro4,2008-,GT1646MV,03G253014NV100,756867-5002S,610.8,8G1630M350,03G253014NV100,7568675002S,2.0,138
8G16-30M-350,VW,Touran,2.0L D,138HP,TDI Euro4,2008-,GT1646MV,03G253010,756867-5003S,610.8,8G1630M350,03G253010,7568675003S,2.0,138
8G16-30M-350,VW,Golf V,2.0L D,138HP,TDI Euro4,2008-,GT1646MV,03G253010V102,765261-0006,610.8,8G1630M350,03G253010V102,7652610006,2.0,138
8G16-30M-350,VW,Passat,2.0L D,138HP,TDI Euro4,2008-,GT1646MV,03G253010V103,765261-0007,610.8,8G1630M350,03G253010V103,7652610007,2.0,138
8G16-30M-350,VW,Jetta,2.0L D,138HP,TDI Euro4,2008-,GT1646MV,03G253019L,765261-5003S,610.8,8G1630M350,03G253019L,7652615003S,2.0,138
8G16-30M-350,VW,Touran,2.0L D,138HP,TDI Euro4,2008-,GT1646MV,03G253019LV200,765261-5004S,610.8,8G1630M350,03G253019LV200,7652615004S,2.0,138
8G17-200-379,HYUNDAI,Porter 2,2.5L D,94HP,4D56 Euro 3,2005-,GT1749S,2820042610,715924-0003,253.01,8G17200379,2820042610,7159240003,2.5,94
8G17-200-379,KIA,Frontier,2.5L D,100HP,4D56 Euro 3,2005-,GT1749S,2820042610,715924-0001,253.01,8G17200379,2820042610,7159240001,2.5,100
8G17-200-379,KIA,Pregio,2.5L D,100HP,4D56 Euro 3,2005-,GT1749S,2820042610,715924-0004,253.01,8G17200379,2820042610,7159240004,2.5,100
8G17-200-379,KIA,Sportage I,2.5L D,100HP,4D56 Euro 3,2005-,GT1749S,2820042610,715924-5003S,253.01,8G17200379,2820042610,7159245003S,2.5,100
8G17-200-432,KIA,Sorento 2.5 CRDi,2.5L D,138HP,"D4CB,Euro3",2002-,GT1752S,282004A101,733952-0001,260.6,8G17200432,282004A101,7339520001,2.5,138
8G17-200-432,KIA,Sorento 2.5 CRDi,2.5L D,138HP,"D4CB,Euro3",2002-,GT1752S,282004A101,733952-5004S,260.6,8G17200432,282004A101,7339525004S,2.5,138
8G17-300-032,AUDI,A4 TDI,1.9L D,130HP,AVF/AWX,2000-2004,GT1749V,038145702N,717858-5009S,345.54,8G17300032,038145702N,7178585009S,1.9,130
8G17-300-032,AUDI,A6 TDI,1.9L D,130HP,AVF/AWX 8v,2001-2005,GT1749V,38145702,717858-0009,345.54,8G17300032,38145702,7178580009,1.9,130
8G17-300-032,AUDI,A4 SE TDI,2.0L D,138HP,BLB/BPW Euro 4,2004-2008,GT1749V,038145702J,717858-5010S,345.54,8G17300032,038145702J,7178585010S,2.0,138
8G17-300-032,AUDI,A4 TDI,1.9L D,130HP,AVF/AWX,2000-2004,GT1749V,038145702G,712077-0001,345.54,8G17300032,038145702G,7120770001,1.9,130
8G17-300-032,AUDI,A6 TDI,1.9L D,130HP,AVF/AWX 8v,2001-2005,GT1749V,038145702N,717858-0008,345.54,8G17300032,038145702N,7178580008,1.9,130
8G17-300-032,AUDI,A6 TDI,1.9L D,130HP,AVF/AWX 8v,2001-2005,GT1749V,038145702N,717858-0003,345.54,8G17300032,038145702N,7178580003,1.9,130
8G17-300-032,AUDI,A6 TDI,1.9L D,130HP,AVF/AWX 8v,2001-2005,GT1749V,038145702N,717858-0006,345.54,8G17300032,038145702N,7178580006,1.9,130
8G17-300-032,AUDI,A4 SE TDI,2.0L D,138HP,BLB/BPW Euro 4,2004-2008,GT1749V,038145702N,717858-0005,345.54,8G17300032,038145702N,7178580005,2.0,138
8G17-300-032,SKODA,Superb I TDI,1.9L D,130HP,AVF/AWX,2002-2007,GT1749V,038145702E,717858-0010,345.54,8G17300032,038145702E,7178580010,1.9,130
8G17-300-032,SKODA,Superb I TDI,1.9L D,130HP,AVF/AWX,2002-2007,GT1749V,038145702N,717858-0004,345.54,8G17300032,038145702N,7178580004,1.9,130
8G17-300-032,VW,Passat B5 TDI,1.9L D,130HP,AWX/AVB,2000-2005,GT1749V,038145702N,717858-0001,345.54,8G17300032,038145702N,7178580001,1.9,130
8G17-300-032,VW,Passat B& TDI,2.0L D,130HP,AWX/AVB,2000-2005,GT1749V,038145702N,717858-0002,345.54,8G17300032,038145702N,7178580002,2.0,130
8G17-300-032,VW,Passat TDI,1.9L D,130HP,AWX/AVB,2000-2005,GT1749V,038145702N,717858-0007,345.54,8G17300032,038145702N,7178580007,1.9,130
8G17-300-301,MITSUBISHI,Carisma 1.9 DI-D HP,1.9L D,120HP,F9Q800/F9Q812 Euro 2,2002-2005,GT1749V,7701477263,708639-5011S,275.41,8G17300301,7701477263,7086395011S,1.9,120
8G17-300-301,MITSUBISHI,Space Star 1.9 DI-D,1.9L D,120HP,F9Q800/F9Q812 Euro 2,2002-2005,GT1749V,7701474960,708639-0011,275.41,8G17300301,7701474960,7086390011,1.9,120
8G17-300-301,NISSAN,Primera 1.9 dci,1.9L D,120HP,F9Q800/F9Q812 Euro 2,2002-2005,GT1749V,7701478024,708639-0001,275.41,8G17300301,7701478024,7086390001,1.9,120
8G17-300-301,RENAULT,Espace dCi,1.9L D,120HP,F9Q680/F9Q820/F9Q826 Euro 2,2003-2007,GT1749V,8200683855,708639-5010S,275.41,8G17300301,8200683855,7086395010S,1.9,120
8G17-300-301,RENAULT,Laguna dCi,1.9L D,120HP,650/F9Q670/F9Q674/F9Q750 Eur,2001-2004,GT1749V,14411-00QOE,708639-0010,275.41,8G17300301,1441100QOE,7086390010,1.9,120
8G17-300-301,RENAULT,Megane II dCi,1.9L D,120HP,F9Q800/F9Q812 Euro 2,2002-2005,GT1749V,7711368748,708639-5009S,275.41,8G17300301,7711368748,7086395009S,1.9,120
8G17-300-301,RENAULT,Scenic II 1.9 dCi,1.9L D,120HP,F9Q800/F9Q812 Euro 2,2002-2005,GT1749V,7701473526,708639-0009,275.41,8G17300301,7701473526,7086390009,1.9,120
8G17-300-301,RENAULT,Espace dCi,1.9L D,120HP,F9Q680/F9Q820/F9Q826 Euro 2,2003-2007,GT1749V,8602872,708639-0007,275.41,8G17300301,8602872,7086390007,1.9,120
8G17-300-301,RENAULT,Laguna dCi,1.9L D,120HP,650/F9Q670/F9Q674/F9Q750 Eur,2001-2004,GT1749V,8200381645,708639-0008,275.41,8G17300301,8200381645,7086390008,1.9,120
8G17-300-301,RENAULT,Megane II dCi,1.9L D,120HP,F9Q800/F9Q812 Euro 2,2002-2005,GT1749V,8200110519,708639-0004,275.41,8G17300301,8200110519,7086390004,1.9,120
8G17-300-301,RENAULT,Scenic II 1.9 dCi,1.9L D,120HP,F9Q800/F9Q812 Euro 2,2002-2005,GT1749V,8200683855,708639-0002,275.41,8G17300301,8200683855,7086390002,1.9,120
8G17-300-301,VOLVO,PKW S40 I 1.9 D,1.9L D,120HP,F9Q800/F9Q812 Euro 2,2002-2005,GT1749V,8200332125,708639-0003,275.41,8G17300301,8200332125,7086390003,1.9,120
8G17-300-301,VOLVO,V40 1.9 D,1.9L D,120HP,F9Q800/F9Q812 Euro 2,2002-2005,GT1749V,8200683855,708639-0005,275.41,8G17300301,8200683855,7086390005,1.9,120
8G17-300-301,VOLVO,S40 1.9 Di,1.9LD,115HP,D4192T3,2001-2004,GT1749V,8200369581,708639-0006,275.41,8G17300301,8200369581,7086390006,1.9,115
8G17-300-793,VW,Campmobile TDI,2.5L D,130HP,R5 TDI Euro 4,2005,GTB1749V,070145701RV220,760698-5005S,554.61,8G17300793,070145701RV220,7606985005S,2.5,130
8G17-300-793,VW,T5 Transporter TDI,2.5L D,130HP,R5 TDI Euro 4,2003-2009,GTB1749V,070145701R,760698-9005S,554.61,8G17300793,070145701R,7606989005S,2.5,130
8G17-300-793,VW,Multivan TDI,2.5L D,130HP,"BNZ, Euro 4",2004-2009,GTB1749V,070145701RX,760698-5004S,554.61,8G17300793,070145701RX,7606985004S,2.5,130
8G17-300-793,VW,California TDI,2.5L D,130HP,"BNZ, Euro 4",2004-2009,GTB1749V,070145701RV,760698-5003S,554.61,8G17300793,070145701RV,7606985003S,2.5,130
8G17-300-793,VW,Caravelle TDI,2.5L D,130HP,"AXD, Euro 4",2004-2009,GTB1749V,070145701RV204,760698-0002,554.61,8G17300793,070145701RV204,7606980002,2.5,130
8G17-300-793,VW,Transporter Shuttler TDI,2.5L D,130HP,"AXD, Euro 4",2004-2009,GTB1749V,070145701RV210,760698-0003,554.61,8G17300793,070145701RV210,7606980003,2.5,130
8G17-300-793,VW,Transporter Shuttler TDI,2.5L D,130HP,"AXD, Euro 4",2004-2009,GTB1749V,070145701RV210,760698-0004,554.61,8G17300793,070145701RV210,7606980004,2.5,130
8G17-300-793,VW,Transporter TDI,2.5L D,130HP,"AXD, Euro 4",2004-2009,GTB1749V,070145701RV220,760698-0005,554.61,8G17300793,070145701RV220,7606980005,2.5,130
8G17-300-A54,FIAT,Ducato III 2.2 Hdi,2.2HDI,110HP,4H03 Euro5,2011-,GTB1749VK,9802446680,798128-0004,504.19,8G17300A54,9802446680,7981280004,2.2,110
8G17-300-A54,FIAT,Ducato III 2.2 Hdi,2.2HDI,110HP,4H03 Euro5,2011-,GTB1749VK,9676934380,798128-0002,504.19,8G17300A54,9676934380,7981280002,2.2,110
8G17-300-A54,FIAT,Ducato III 2.2 Hdi,2.2HDI,110HP,4H03 Euro5,2011-,GTB1749VK,CU3Q-6K682-BA,798128-0006,504.19,8G17300A54,CU3Q6K682BA,7981280006,2.2,110
8G17-300-A54,FIAT,Ducato III 2.2 Hdi,2.2HDI,110HP,4H03 Euro5,2011-,GTB1749VK,CU3Q6K682BB,798128-0002,504.19,8G17300A54,CU3Q6K682BB,7981280002,2.2,110
8G17-300-A54,FIAT,Ducato III 2.2 Hdi,2.2HDI,110HP,4H03 Euro5,2011-,GTB1749VK,CU3Q6K682BC,798128-0004,504.19,8G17300A54,CU3Q6K682BC,7981280004,2.2,110
8G17-30M-353,AUDI,A3 TDI,2.0L D,140HP,BKD/BMM 16v,2003-2008,GT1749V,03G253010J,724930-5009S,337.89,8G1730M353,03G253010J,7249305009S,2.0,140
8G17-30M-353,SEAT,Altea 2.0 TDI,2.0L D,140HP,BKD 16v,2006-,GT1749V,03G253019A,724930-0006,337.89,8G1730M353,03G253019A,7249300006,2.0,140
8G17-30M-353,SEAT,Toledo III 2.0 TDI,2.0L D,140HP,BKD 16v,2006-,GT1749V,03G253010J,724930-0008,337.89,8G1730M353,03G253010J,7249300008,2.0,140
8G17-30M-353,SEAT,Leon,2.0L D,140HP,BKD 16v,2006-,GT1749V,03G253014H,724930-0004,337.89,8G1730M353,03G253014H,7249300004,2.0,140
8G17-30M-353,SKODA,Octavia II 2.0 TDI,2.0L D,140HP,BKD 16v,2003-,GT1749V,03G253010J,724930-0002,337.89,8G1730M353,03G253010J,7249300002,2.0,140
8G17-30M-353,VW,Golf TDI,2.0L D,140HP,BKD 16v,2004-2009,GT1749V,03G253014H,724930-0009,337.89,8G1730M353,03G253014H,7249300009,2.0,140
8G17-30M-353,VW,Jetta TDI 140,2.0L D,138HP,BKD,2006-,GT1749V,03G253019A,724930-5010S,337.89,8G1730M353,03G253019A,7249305010S,2.0,138
8G17-30M-353,VW,Touran TDI,2.0L D,140HP,BKD 16v,2003-,GT1749V,03G253014H,724930-0010,337.89,8G1730M353,03G253014H,7249300010,2.0,140
8G17-30M-353,VW,Passat S TDI,2.0L D,138HP,BKP DPF 16v,2006-2011,GT1749V,03G253010J,724930-5012S,337.89,8G1730M353,03G253010J,7249305012S,2.0,138
8G18-300-038,MERCEDES,Sprinter CDI,2.1L D,105HP,OM611 Euro 3,2000-2010,GT1852V,A6110960899,709836-5004S,398.91,8G18300038,A6110960899,7098365004S,2.1,105
8G18-300-038,MERCEDES,Sprinter(Brazil),2.2L D,105HP,OM611,2002-,GT1852V,A6110961599,709836-0003,398.91,8G18300038,A6110961599,7098360003,2.2,105
8G18-300-038,MERCEDES,Sprinter CDI,2.1L D,127HP,OM611 Euro 2,2002-2006,GT1852V,A6110961699,709836-0001,398.91,8G18300038,A6110961699,7098360001,2.1,127
8G18-300-038,MERCEDES,Sprinter CDI,2.1L D,105HP,OM611 Euro 3,2000-2010,GT1852V,A6110960899,709836-0005,398.91,8G18300038,A6110960899,7098360005,2.1,105
8G18-300-038,MERCEDES,Sprinter(Brazil),2.2L D,105HP,OM611,2002-,GT1852V,A6110961599,778794-5002S,398.91,8G18300038,A6110961599,7787945002S,2.2,105
8G18-300-038,MERCEDES,Sprinter CDI,2.1L D,127HP,OM611 Euro 2,2002-2006,GT1852V,A6110961699,709836-0005S,398.91,8G18300038,A6110961699,7098360005S,2.1,127
8G18-300-038,MERCEDES,Sprinter CDI,2.1L D,105HP,OM611 Euro 3,2000-2010,GT1852V,A6110960899,726698-0001,398.91,8G18300038,A6110960899,7266980001,2.1,105
8G18-300-038,MERCEDES,Sprinter(Brazil),2.2L D,105HP,OM611,2002-,GT1852V,A6110961599,726698-0002,398.91,8G18300038,A6110961599,7266980002,2.2,105
8G18-300-038,MERCEDES,Sprinter CDI,2.1L D,127HP,OM611 Euro 2,2002-2006,GT1852V,A6110961699,709836-0004,398.91,8G18300038,A6110961699,7098360004,2.1,127
8I03-400-B19,ALFA ROMEO,Mito 1.4L TB,T.4L P,120HP,1.4 T-Jet 16V,2009,RHF3,55222015,VL37,239.66,8I03400B19,55222015,VL37,T.4,120
8I03-400-B19,FIAT,Bravo II 14T-Jet,1.4L P,120HP,1.4 T-Jet 16V,2007,RHF3,55212917,VL37,239.66,8I03400B19,55212917,VL37,1.4,120
8I03-400-B19,FIAT,Bravo II 14T-Jet,1.4L P,120HP,1.4 T-Jet 16V,2008,RHF3,7193892,VL39,239.66,8I03400B19,7193892,VL39,1.4,120
8I03-400-B19,LANCIA,Delta III,I.4L P,120HP,1.4 T-Jet 16V,2008,RHF3,7193892,VL37,239.66,8I03400B19,7193892,VL37,I.4,120
8M02-200-340,OPEL,Astra/Corsa / Combo,1.7L D,80HP,Y17DT(L),2004-2005,TD025M,8971852412,49173-06500,256.66,8M02200340,8971852412,4917306500,1.7,80
8M02-200-340,OPEL,Astra/Corsa / Combo,1.7L D,80HP,Y17DT(L),2004-2005,TD025M,8971852413,49173-06501,256.66,8M02200340,8971852413,4917306501,1.7,80
8M02-200-340,OPEL,Astra/Corsa / Combo,1.7L D,80HP,Y17DT(L),2004-2005,TD025M,860036,49173-06503,256.66,8M02200340,860036,4917306503,1.7,80
8M02-200-340,OPEL,Astra/Corsa / Combo,1.7L D,80HP,Y17DT(L),2004-2005,TD025M,97185241,49173-06503,256.66,8M02200340,97185241,4917306503,1.7,80
8M02-200-527,CITROEN,Berlingo  HDi 75,1.6L D,75HP,DV6B,2008-,TD025,9670371380,49173-07508,199.92,8M02200527,9670371380,4917307508,1.6,75
8M02-200-527,CITROEN,Berlingo  HDi 75,1.6L D,75HP,DV6B,2008-,TD025,0375Q5,49173-07502,199.92,8M02200527,0375Q5,4917307502,1.6,75
8M02-200-527,CITROEN,C3 HDi,1.6L D,90HP,DV6ATED4 9HX,2005-2009,TD025,9657530580,49173-07507,199.92,8M02200527,9657530580,4917307507,1.6,90
8M02-200-527,CITROEN,C3 Picasso HDi,1.6L D,90HP,DV6UTED4,2007-,TD025,9662371080,49173-07508,199.92,8M02200527,9662371080,4917307508,1.6,90
8M02-200-527,CITROEN,C4 HDi,1.6L D,90HP,DV6TED4 9HV / 9HX,2004-,TD025,9682881780,49173-07516,199.92,8M02200527,9682881780,4917307516,1.6,90
8M02-200-527,CITROEN,C4 Picasso HDi,1.6L D,90HP,DV6UTED4,2007-,TD025,9670371380,49173-07503,199.92,8M02200527,9670371380,4917307503,1.6,90
8M02-200-527,CITROEN,Xsara HDi 92,1.6L D,92HP,DV6ATED4 Euro 4,2006-2010,TD025,9657530580,49173-07506,199.92,8M02200527,9657530580,4917307506,1.6,92
8M02-200-527,CITROEN,Xsara HDi 92,1.6L D,92HP,DV6ATED4 Euro 4,2006-2010,TD025,9662371080,49173-07522,199.92,8M02200527,9662371080,4917307522,1.6,92
8M02-200-527,CITROEN,Relay HDi,1.6L D,90HP,DV6UTED4,2007-,TD025,9682881780,49173-07504,199.92,8M02200527,9682881780,4917307504,1.6,90
8M02-200-527,FORD,C-MAX TDCi,1.6L D,89HP,DV6UTED4,2005-2007,TD025,3M5Q6K682DE,49173-07502,199.92,8M02200527,3M5Q6K682DE,4917307502,1.6,89
8M02-200-527,FORD,Fiesta TDCi,1.6L D,66HP,DV6UTED4,2005-,TD025,3M5Q6K682DE,49173-07507,199.92,8M02200527,3M5Q6K682DE,4917307507,1.6,66
8M02-200-527,FORD,Focus C-MAX TDCi,1.6L D,89HP,DV6UTED4,2005-2007,TD025,3M5Q6K682DE,49173-07508,199.92,8M02200527,3M5Q6K682DE,4917307508,1.6,89
8M02-200-527,PEUGEOT,308  HDi 90,1.6L D,89HP,DV6ATED4 Euro 4,2007-,TD025,0375Q5,49173-07516,199.92,8M02200527,0375Q5,4917307516,1.6,89
8M02-200-527,PEUGEOT,308  SW HDi 90,1.6L D,89HP,DV6ATED4 Euro 4,2008-,TD025,0375J0,49173-07503,199.92,8M02200527,0375J0,4917307503,1.6,89
8M02-200-527,PEUGEOT,206 HDi,1.6L D,90HP,DV6UTED4,2007-,TD025,0375K5,49173-07506,199.92,8M02200527,0375K5,4917307506,1.6,90
8M02-200-527,PEUGEOT,207 HDi,1.6L D,90HP,DV6UTED4 9HX,2006-,TD025,0375Q4,49173-07522,199.92,8M02200527,0375Q4,4917307522,1.6,90
8M02-200-527,PEUGEOT,207 SW HDi,1.6L D,90HP,DV6UTED4 9HX,2007-,TD025,1684949,49173-07504,199.92,8M02200527,1684949,4917307504,1.6,90
8M02-200-527,PEUGEOT,307 HDi,1.6L D,90HP,DV6ATED4 9HX,2004-2007,KP35,0375Q5,54359887000,199.92,8M02200527,0375Q5,54359887000,1.6,90
8M02-200-527,PEUGEOT,307 SW HDi,1.6L D,90HP,DV6ATED4 9HX,2004-2007,TD025,0375J0,49173-07502,199.92,8M02200527,0375J0,4917307502,1.6,90
8M02-200-527,PEUGEOT,Partner HDi,1.6L D,90HP,DV6UTED4,2006-2008,TD025,0375K5,49173-07507,199.92,8M02200527,0375K5,4917307507,1.6,90
8M02-200-527,VOLVO,V50,1.6L D,90HP,DV6UTED4,2007-,TD025,0375Q4,49173-07508,199.92,8M02200527,0375Q4,4917307508,1.6,90
8M02-200-527,VOLVO,S40 HDi,1.6L D,90HP,DV6UTED4,2005-2009,KP35,1684949,54359887000,199.92,8M02200527,1684949,54359887000,1.6,90
8M03-200-987,PEUGEOT,Boxer HDI,2.2HDI,100HP,4HV PSA HHJA HHUB,2006-,TD03,0375K7,49131-05212,270.74,8M03200987,0375K7,4913105212,2.2,100
8M03-200-987,CITROEN,Jumper HDI,2.2HDI,100HP,4HV PSA HHJA HHUB,2006-,TD03,0375K7,49131-05210,270.74,8M03200987,0375K7,4913105210,2.2,100
8M03-200-987,FIAT,Ducato III 2.2 HDI,2.2HDI,100HP,4HV PSA HHJA HHUB,2006-,TD03,9659765280,49131-05200,270.74,8M03200987,9659765280,4913105200,2.2,100
8M03-200-987,CITROEN,Jumper HDI,2.2HDI,120HP,4HV PSA HHJA HHUB,2006-,TD03,0375K7,49131-05211,270.74,8M03200987,0375K7,4913105211,2.2,120
8M03-200-987,CITROEN,Jumper HDI,2.2HDI,130HP,4HV PSA HHJA HHUB,2006-,TD03,0375K7,49131-05252,270.74,8M03200987,0375K7,4913105252,2.2,130
8T10-200-691,TOYOTA,Hiace,2.5L D,102 HP,2KD-FTV,2001-,CT10,17201-30030,17201-30030,248.17,8T10200691,1720130030,1720130030,2.5,102
8T10-200-691,TOYOTA,Hilux,2.5L D,102 HP,2KD-FTV,2001-,CT10,17201-30031,CT10,248.17,8T10200691,1720130031,CT10,2.5,102
